customer_id,first_name,last_name,email,signup_date
1,Keith,Clark,christopherespinoza@example.net,2024-05-25
2,Megan,Clarke,stephaniecowan@example.net,2024-06-28
3,Shelia,Brown,ukent@example.com,2024-09-15
4,Eric,Baker,angela00@example.com,2024-10-07
5,Kimberly,Holland,danielbaker@example.org,2023-11-02
6,Heidi,Farrell,kruegerkara@example.net,2023-10-14
7,Connor,Young,masonhunter@example.com,2024-02-27
8,Alison,Horton,trevor01@example.com,2024-04-17
9,Natalie,Kramer,davidflores@example.com,2023-10-15
10,William,Esparza,jenny59@example.org,2024-01-24
11,Renee,Mendoza,davidgordon@example.org,2024-08-04
12,Jeremiah,Wilkerson,doughertytara@example.net,2024-08-15
13,Stacy,Gibbs,catherineholt@example.org,2024-03-27
14,Terrence,Jimenez,okane@example.net,2023-07-20
15,Margaret,Faulkner,alexandria77@example.net,2023-09-27
16,Bryce,Watson,kwhite@example.net,2024-03-10
17,Samantha,Griffin,campbellerin@example.org,2023-10-07
18,Kevin,Harris,candacegreene@example.net,2025-03-04
19,William,Morris,mary94@example.org,2024-12-29
20,Megan,Howell,jessicacopeland@example.com,2023-12-24
21,Patrick,Dunn,wrightwalter@example.com,2023-06-04
22,Sarah,Cline,mitchellkristina@example.org,2023-08-10
23,Joshua,Stevens,makaylashepherd@example.com,2025-01-10
24,Ruben,Gibson,russellsteven@example.org,2025-03-01
25,Karen,Anderson,smithkayla@example.net,2023-11-24
26,Ryan,Martin,emarks@example.org,2025-01-30
27,Jonathan,Deleon,hammondandrew@example.net,2025-03-19
28,Sylvia,Bates,juan50@example.org,2025-02-28
29,Alan,Pena,bwilliams@example.net,2025-05-06
30,John,Gregory,carrie34@example.net,2024-10-24
31,Phillip,Knight,fowlerpatrick@example.com,2024-08-01
32,Crystal,Acosta,vwilliams@example.org,2024-01-02
33,Sandra,Perez,kristy99@example.com,2023-08-30
34,Darrell,Foster,kara57@example.org,2023-08-08
35,Emily,Jones,ipaul@example.org,2023-12-15
36,Matthew,Robertson,ostevens@example.net,2024-11-11
37,Christian,Brown,aaronray@example.com,2023-09-21
38,Timothy,Trujillo,jason77@example.org,2024-09-06
39,Christine,Drake,smithcharles@example.org,2023-10-27
40,John,Hill,youngjesse@example.net,2024-11-01
41,Shannon,Nielsen,grogers@example.org,2024-05-05
42,Anthony,Spencer,susansmith@example.net,2024-05-06
43,Jeremy,Robbins,marvin87@example.com,2024-07-16
44,Sierra,Ortega,nlewis@example.net,2024-02-01
45,Kelsey,Hernandez,meganvance@example.org,2025-03-26
46,Cory,Hall,derricklong@example.com,2023-12-09
47,Brian,Weber,jenniferhuerta@example.org,2025-02-14
48,Sheila,Ballard,dhaynes@example.net,2023-09-29
49,Anne,Watts,fbird@example.net,2025-01-24
50,Gregory,Henderson,matthewbrown@example.com,2025-04-16
51,Earl,Moore,joanna58@example.net,2024-08-29
52,Shawn,Frost,ashleymoreno@example.com,2023-08-06
53,Sean,Kelley,ronaldali@example.com,2025-03-14
54,Charles,Morrow,johnsmith@example.org,2024-06-10
55,Mary,Harper,smills@example.com,2024-08-09
56,Kim,Harris,ljohns@example.net,2024-01-12
57,Tammy,Greene,suzannebriggs@example.com,2023-12-28
58,Daniel,Wright,tammysmith@example.com,2023-12-27
59,Denise,Hamilton,andrew04@example.net,2025-01-08
60,Paula,Moore,baxterallison@example.org,2023-08-18
61,Ian,Navarro,davisheather@example.com,2025-02-28
62,Andrew,Wheeler,larryolson@example.org,2024-01-25
63,Patricia,Harrison,virginiasantos@example.com,2024-06-24
64,Andrew,Mann,stevensonjeremy@example.org,2025-02-15
65,Paul,Grant,bmcguire@example.com,2023-06-21
66,Kyle,Smith,wyatt35@example.com,2025-03-29
67,Christine,Henson,brittanygarcia@example.org,2023-11-01
68,Susan,Terry,cherylcampos@example.net,2023-07-10
69,Daniel,Johnson,nkennedy@example.org,2023-05-30
70,Howard,Warren,longsara@example.org,2023-08-27
71,David,Smith,nathanhudson@example.com,2024-08-31
72,Debra,Perry,johnparks@example.net,2023-05-27
73,Jennifer,Ryan,evanssandra@example.org,2023-07-27
74,Patricia,Marks,kelleymiranda@example.org,2024-12-18
75,Katherine,Francis,dennis83@example.org,2024-06-03
76,Courtney,Avila,ericmeyer@example.net,2024-05-29
77,Wendy,Long,mark31@example.net,2023-11-19
78,Chris,Schaefer,sara77@example.net,2025-05-03
79,Amanda,Gross,connie37@example.org,2024-03-28
80,Aaron,Meyer,jasmine55@example.com,2025-04-12
81,Abigail,Beck,carolparsons@example.com,2023-07-11
82,Christine,Rivers,charlesswanson@example.com,2023-09-04
83,Karen,Alvarado,qholder@example.org,2024-06-30
84,Shannon,Mullins,bowersangel@example.net,2025-03-04
85,Dennis,Ford,davisscott@example.org,2024-10-12
86,Bradley,Kaufman,wilsonrichard@example.net,2024-02-03
87,Lynn,Lopez,gfranklin@example.com,2025-02-20
88,Nathan,Aguirre,schneidermelissa@example.org,2024-12-24
89,Kevin,Anderson,stephen85@example.net,2024-09-16
90,Charles,Pope,richardsheather@example.net,2025-01-18
91,Kyle,Ramsey,mccormickdavid@example.com,2024-06-19
92,Michelle,Hughes,steven74@example.com,2024-09-10
93,Michael,Campbell,palmermelvin@example.net,2025-04-17
94,Stephanie,Mueller,saragilbert@example.com,2023-11-24
95,Jeanne,Fuentes,amandamora@example.com,2024-12-25
96,Susan,Best,madison50@example.net,2024-05-14
97,Melissa,Peters,thomaskayla@example.com,2024-09-06
98,Amber,Lester,ggarcia@example.org,2025-05-10
99,Juan,Roach,jjackson@example.org,2025-02-24
100,Laura,Smith,balltracy@example.com,2023-05-14
101,Jessica,Conway,xmeza@example.com,2023-07-19
102,Ashley,Sanchez,batesterri@example.net,2024-04-08
103,Alexa,Braun,benjaminwright@example.com,2025-03-23
104,Amanda,Ruiz,egray@example.net,2025-01-31
105,Jessica,Stephens,hhutchinson@example.org,2025-01-11
106,Melissa,Roberts,lindsay92@example.org,2024-01-01
107,Kathryn,Blake,efields@example.org,2024-01-16
108,Gordon,Murphy,shawgrant@example.org,2025-01-02
109,Manuel,Huerta,youngdeanna@example.net,2023-10-06
110,Diana,Curry,duranjames@example.com,2023-06-21
111,Melanie,Smith,amywilson@example.net,2024-09-14
112,Lisa,Lewis,christopher60@example.org,2024-06-16
113,Todd,Gomez,troy32@example.net,2024-04-26
114,Debbie,Nelson,whiteryan@example.com,2024-11-11
115,Timothy,Brennan,scampbell@example.net,2024-10-01
116,Sarah,Ortiz,edwardraymond@example.net,2024-09-25
117,Kimberly,Johnson,whitneythomas@example.net,2024-11-28
118,Jason,Carlson,joseph03@example.org,2024-01-25
119,Roberto,Williams,cassandra64@example.org,2025-04-28
120,Charles,Wallace,ashley56@example.org,2023-05-13
121,Adam,West,nicholsbrenda@example.org,2023-11-05
122,Kendra,Chandler,crystal60@example.com,2023-11-17
123,Cynthia,Robinson,hernandezraymond@example.org,2025-03-17
124,Destiny,Patterson,ryan14@example.org,2024-02-02
125,Heather,Anderson,anthony81@example.org,2025-02-01
126,Dennis,Allen,joshuaburgess@example.net,2024-01-23
127,Johnny,Anderson,christinawilliams@example.org,2023-05-22
128,Amy,Estrada,gardnercharles@example.org,2024-04-01
129,Stephanie,Gonzalez,lisabailey@example.net,2025-02-01
130,William,Charles,sortiz@example.com,2023-10-12
131,Stephanie,Richmond,jennifer83@example.org,2024-03-06
132,Tracy,Morris,louis87@example.net,2024-04-20
133,Kelly,Boyer,patrickjohnson@example.org,2024-05-06
134,Derek,Flores,butlerthomas@example.com,2025-03-08
135,Doris,Weaver,nicholas59@example.net,2024-05-22
136,Andrew,Sims,moorebrett@example.com,2024-11-08
137,Christina,Wood,samantha59@example.org,2023-08-16
138,Ronnie,Carroll,masonchristopher@example.org,2023-06-28
139,Alicia,Murphy,robertharrison@example.org,2024-02-25
140,Carolyn,Vang,barrymann@example.com,2023-07-03
141,Angela,Henry,peter52@example.org,2024-09-20
142,Adriana,Rivera,michaelwilson@example.com,2023-11-01
143,Lisa,Brown,xvalentine@example.org,2024-10-04
144,Danielle,Steele,micheal04@example.net,2025-02-07
145,Ricky,Washington,andrew30@example.com,2023-09-06
146,Mark,Hicks,patricia57@example.net,2024-11-21
147,Kelly,Nelson,nathan30@example.com,2023-09-06
148,Linda,Johnson,nathan47@example.com,2023-09-06
149,Pamela,Gross,benderjamie@example.net,2023-05-19
150,Darius,Zimmerman,benjaminmurray@example.net,2024-03-18
151,David,Ellis,miranda68@example.com,2024-04-07
152,Renee,Bates,smithmichael@example.com,2025-04-27
153,Julie,Snyder,lydiaortiz@example.org,2023-05-22
154,Luis,Webster,opatton@example.org,2023-10-04
155,George,Jackson,azavala@example.com,2024-12-09
156,Samantha,Gross,brendajefferson@example.org,2024-01-06
157,Vincent,English,amy45@example.org,2024-09-11
158,Eric,Sullivan,michelle66@example.org,2024-12-12
159,Megan,Ballard,catherine29@example.com,2024-06-27
160,Emily,Moss,ericaphillips@example.net,2024-07-31
161,Danielle,Campbell,cruzchelsea@example.net,2025-05-03
162,Edwin,Wilson,mcknightcody@example.net,2024-03-23
163,Diamond,Campbell,crawfordmary@example.org,2024-08-26
164,Travis,George,douglas61@example.com,2025-02-18
165,Julia,Hampton,charlesmartinez@example.com,2025-01-16
166,Theresa,Gonzalez,vobrien@example.com,2024-10-08
167,Andrew,Davis,melissathomas@example.org,2023-09-04
168,Richard,Morris,nicole52@example.org,2024-10-09
169,Brian,Travis,annclark@example.org,2025-02-02
170,Sharon,Russell,daviskristi@example.net,2025-04-16
171,Timothy,Garrett,jim53@example.org,2023-12-08
172,Brandy,Mack,michaelwilliams@example.org,2024-08-21
173,Richard,Williams,curtis11@example.com,2024-10-25
174,Jorge,Richardson,yellis@example.net,2023-08-26
175,Nathaniel,Smith,emilysmith@example.net,2023-05-15
176,Jill,Clark,markwhite@example.com,2023-10-05
177,Megan,Morales,sandrasmith@example.net,2024-04-24
178,Melanie,Herrera,wallen@example.org,2024-06-12
179,Robert,Garner,phaynes@example.net,2024-11-05
180,Cory,Velasquez,washingtonpatricia@example.net,2024-10-29
181,Michael,Campbell,stephenevans@example.net,2023-11-04
182,Denise,Schultz,jacksonbrianna@example.com,2024-11-25
183,Brittany,Mayer,gina19@example.net,2023-06-19
184,Peter,Short,awolf@example.com,2025-01-07
185,Sue,Bell,ibyrd@example.org,2024-11-17
186,Joann,Miller,david68@example.com,2023-11-20
187,Emma,Hunter,qmartinez@example.com,2023-07-06
188,Kelly,Baker,vrodriguez@example.com,2024-11-24
189,Thomas,Young,brian69@example.org,2023-05-19
190,Kristie,Glass,ndecker@example.com,2024-10-23
191,Brian,Mcdaniel,richard04@example.com,2024-05-28
192,Shaun,Adams,shermanbarbara@example.org,2024-02-21
193,Chelsey,Foster,sford@example.net,2024-10-30
194,Peggy,Sawyer,reynoldsnicholas@example.net,2024-07-14
195,Sabrina,Lindsey,lance41@example.com,2024-04-05
196,Patricia,Hernandez,georgejackson@example.org,2023-09-08
197,Eric,Cohen,franklinjulie@example.com,2024-02-10
198,Wendy,Howard,fbaker@example.org,2025-01-17
199,Caroline,Robinson,randymiddleton@example.org,2023-05-11
200,Megan,Orozco,reneeobrien@example.net,2024-08-18
201,Catherine,Stuart,hensleyjoan@example.org,2023-10-03
202,Gary,Taylor,todd20@example.net,2025-02-18
203,Patricia,Taylor,nancydavis@example.com,2025-02-08
204,Daniel,Mccarthy,browntimothy@example.net,2023-07-28
205,Todd,Cannon,pereztricia@example.org,2024-07-25
206,Elizabeth,Walker,beverlywilson@example.net,2024-06-06
207,Christopher,Ortega,athomas@example.org,2024-01-08
208,John,Petty,iblevins@example.com,2025-04-05
209,Elizabeth,Zimmerman,wendy30@example.com,2024-06-27
210,Angela,Turner,washingtonerin@example.com,2023-05-17
211,Angela,Young,rachelsullivan@example.org,2024-08-16
212,Natasha,Woods,esosa@example.net,2023-09-05
213,Katie,Wall,gonzalezjason@example.net,2023-07-12
214,Michael,Dudley,davidlara@example.org,2023-09-13
215,Amy,Smith,zmckinney@example.org,2024-07-12
216,Kevin,Townsend,michael22@example.com,2024-10-12
217,Samantha,Stewart,lisa65@example.com,2023-09-12
218,Kaitlyn,Rodriguez,jonathanwilson@example.org,2024-12-08
219,Ricky,Lawson,zwashington@example.com,2025-03-29
220,Perry,Collins,barbara88@example.org,2023-06-27
221,Ricardo,Sullivan,catherine42@example.net,2023-09-15
222,Tracy,Gonzalez,xbrady@example.com,2024-03-29
223,Nancy,Strickland,michaelleonard@example.net,2023-12-17
224,Ashley,Zimmerman,mbrown@example.com,2023-09-27
225,Thomas,Padilla,patricia66@example.org,2024-05-27
226,Brooke,Phelps,lwilson@example.net,2024-11-10
227,Thomas,Suarez,johngonzales@example.org,2023-12-31
228,Bradley,Marshall,brian97@example.org,2023-05-26
229,Megan,Harrison,gutierrezrobert@example.net,2024-04-15
230,Laura,Callahan,daniel87@example.org,2023-09-10
231,Thomas,Carey,harringtonmargaret@example.net,2024-09-01
232,Micheal,Cunningham,natasha70@example.net,2025-03-21
233,George,Smith,adamsantana@example.com,2024-05-01
234,Timothy,Rios,andrew51@example.net,2023-10-26
235,Alvin,Wyatt,travishamilton@example.com,2023-09-16
236,Debbie,Jones,jmassey@example.com,2024-06-16
237,Ryan,Bailey,freemantracy@example.org,2024-05-09
238,James,Smith,stephenanderson@example.com,2023-10-21
239,Laura,Nichols,jennacole@example.net,2025-02-04
240,April,Ferguson,ashlee69@example.org,2024-08-07
241,Mark,Fisher,camachoallison@example.net,2024-05-09
242,Michael,Melendez,andrewsimpson@example.net,2024-06-13
243,Anthony,Thomas,thompsonjill@example.com,2023-10-31
244,Nicholas,Smith,zacharymcdonald@example.net,2025-02-16
245,Lori,Villegas,hallregina@example.org,2023-07-08
246,John,Gonzalez,walter83@example.com,2024-04-21
247,Timothy,Williams,aharvey@example.net,2024-12-08
248,Megan,Vincent,montoyarobert@example.com,2024-12-23
249,Evan,Farmer,perrynicole@example.org,2024-06-22
250,Melinda,Thompson,robert07@example.com,2023-11-26
251,Randall,Hogan,brian21@example.org,2024-04-30
252,Gregory,Drake,acunningham@example.net,2023-12-29
253,Austin,Cox,qgreene@example.org,2023-08-04
254,Tracy,Vasquez,susan79@example.com,2024-08-14
255,Lisa,Gardner,rubiojulie@example.net,2025-04-09
256,Sarah,West,cohenjulie@example.org,2023-12-01
257,Amanda,Castillo,bradcrawford@example.com,2024-01-05
258,Vicki,Hunter,ujackson@example.net,2023-06-12
259,Tammy,Thomas,etaylor@example.org,2024-11-08
260,Christine,Lopez,phillipmeyers@example.net,2023-05-31
261,Eric,James,amanda59@example.org,2024-09-05
262,Karen,Johnson,cgonzales@example.com,2025-03-02
263,Alicia,Harris,kimberly38@example.net,2025-03-14
264,Tammy,Adkins,rwright@example.com,2024-02-14
265,John,Martinez,allenmichael@example.com,2024-03-30
266,Paul,Higgins,harold14@example.net,2024-04-11
267,Laura,Gomez,curtisferguson@example.com,2024-08-07
268,Theodore,Watson,gloriaparks@example.com,2023-10-16
269,Matthew,Gibson,ohughes@example.org,2025-01-05
270,Krystal,Brown,gary90@example.net,2023-06-01
271,Andrew,Vega,kimberly67@example.net,2024-05-28
272,Jennifer,Robinson,vaughnjacob@example.com,2024-01-20
273,Stephen,Ochoa,sarahjones@example.net,2025-03-27
274,Mary,Maxwell,rickey04@example.org,2024-06-16
275,Edwin,Hernandez,cweber@example.net,2023-10-01
276,Andrea,Conway,lisa13@example.net,2024-07-15
277,David,Price,jennifer58@example.net,2023-11-30
278,Holly,Foster,dmcdaniel@example.com,2023-05-30
279,Allison,Carney,mcdonaldmatthew@example.net,2023-12-30
280,Alyssa,Jenkins,gballard@example.org,2025-03-08
281,Stephanie,Patterson,churchgary@example.com,2023-06-08
282,Michael,Smith,amber43@example.com,2023-10-16
283,Derek,Riley,andrew83@example.com,2023-11-09
284,Sherry,Taylor,sydneynichols@example.com,2023-11-21
285,Jonathan,Zimmerman,kentholly@example.com,2024-11-26
286,Maria,Jensen,kelly92@example.com,2024-01-10
287,Susan,Moreno,smithrobert@example.com,2024-12-16
288,Eric,Carter,hleon@example.org,2025-02-23
289,Michelle,Ware,james38@example.org,2024-05-17
290,Marc,Garcia,browningbonnie@example.net,2023-07-13
291,Julian,Patel,juan78@example.com,2024-10-13
292,Steven,Leach,wlynch@example.org,2023-07-08
293,George,Wilson,geraldreeves@example.org,2024-11-19
294,Sean,Gutierrez,stephanie84@example.net,2023-12-02
295,Jose,Cisneros,yturner@example.com,2024-07-04
296,Kimberly,Hancock,ysmith@example.org,2023-08-02
297,Leslie,Smith,jenkinsashley@example.org,2023-10-10
298,Paul,Greer,karaperry@example.net,2023-07-09
299,Marcus,Johns,imcguire@example.org,2023-06-20
300,Timothy,Woods,seanballard@example.net,2024-08-20
301,Erika,Davis,lewisandres@example.com,2024-03-02
302,Bryan,Dawson,gdavila@example.org,2024-11-06
303,Brittany,Jenkins,gabriel78@example.net,2024-11-10
304,Joseph,Parker,jesseboyd@example.org,2024-10-26
305,Jennifer,Evans,cspencer@example.com,2023-09-09
306,William,Nichols,george91@example.org,2024-11-13
307,Bradley,Gonzales,hryan@example.org,2023-08-19
308,Kathleen,Morales,porterchristopher@example.net,2025-02-11
309,Joseph,Jones,kristen75@example.org,2024-07-14
310,Lisa,Fuentes,duranpatrick@example.net,2024-09-09
311,Jose,Church,bakercalvin@example.com,2024-09-12
312,Tracy,Rush,xrios@example.com,2024-02-17
313,Jill,Buckley,yhill@example.com,2023-07-02
314,Gabriel,Green,paulhunter@example.com,2024-05-29
315,Krista,Gomez,edwarddawson@example.net,2023-06-09
316,Jennifer,Henry,jhudson@example.com,2024-04-26
317,Shelley,Shah,millerjoseph@example.org,2024-03-23
318,Deborah,Cooper,laura32@example.com,2023-11-04
319,Jason,Burch,cho@example.com,2023-06-12
320,Ronnie,Middleton,billydavila@example.net,2023-10-24
321,Jennifer,Perez,hlong@example.com,2025-02-24
322,Carlos,Morgan,carmen87@example.net,2024-10-31
323,Cynthia,Graham,powersjeremy@example.com,2025-04-09
324,Kyle,Gregory,dawn49@example.net,2023-06-16
325,Wendy,Wood,johnsonwilliam@example.org,2023-10-14
326,Penny,Allen,jwells@example.com,2023-07-14
327,Jared,Evans,kaitlyn39@example.net,2025-02-09
328,Brian,George,colemanpamela@example.net,2024-01-11
329,Christina,Silva,markwilson@example.net,2025-02-26
330,Catherine,Key,steven62@example.net,2025-03-18
331,Cindy,Hubbard,nmanning@example.org,2023-08-25
332,Cynthia,Mercer,travis66@example.org,2025-02-21
333,Monica,Simmons,katherinesmall@example.org,2023-08-12
334,Wesley,Edwards,phillip99@example.net,2024-12-27
335,Melissa,James,hunterjohn@example.org,2024-10-28
336,Ivan,Mcdonald,margaretpena@example.com,2024-07-30
337,Kimberly,Moyer,gloverkyle@example.net,2024-07-10
338,Dawn,Singleton,martinezbrittany@example.net,2025-04-08
339,Devin,Anderson,carterjohn@example.com,2024-11-09
340,Natalie,Calhoun,paulgonzalez@example.org,2023-09-19
341,Douglas,James,michael37@example.net,2023-06-23
342,Brooke,Schneider,james97@example.com,2023-08-14
343,Sandra,Reed,howardterry@example.org,2024-07-11
344,Paul,Tapia,donna19@example.net,2023-08-24
345,Larry,Perez,edavis@example.com,2023-09-15
346,Derrick,Johnson,stevenpotts@example.com,2024-12-05
347,Hannah,Gomez,xmurphy@example.net,2025-04-08
348,Jonathan,Hansen,amanda02@example.net,2024-07-23
349,Marcus,Pope,scott41@example.org,2025-05-03
350,Brian,Hall,wolfemolly@example.net,2023-08-05
351,Elizabeth,Pruitt,kholmes@example.org,2025-01-24
352,Miguel,Johnson,williamslori@example.com,2024-03-09
353,Amanda,Smith,victoriaknight@example.org,2023-08-23
354,Grace,Johnston,ngalloway@example.com,2025-04-30
355,Stephen,Levy,angelamontes@example.org,2024-11-06
356,Kevin,Brown,shirleysimmons@example.org,2024-09-10
357,Joseph,Lloyd,crogers@example.org,2024-06-17
358,Heidi,Martin,daisyboyd@example.com,2024-08-03
359,Hannah,Greene,jon63@example.com,2024-12-29
360,Brittney,Spears,whitney63@example.com,2023-07-25
361,Robert,Johnson,tinastewart@example.com,2024-08-01
362,David,Mendez,patricktaylor@example.org,2025-01-31
363,Anita,Davis,johnmartin@example.com,2023-06-30
364,Charles,Cook,alicepham@example.net,2025-04-18
365,Carol,Little,marcus28@example.org,2024-06-04
366,Danielle,Greer,hunter50@example.com,2023-10-07
367,Mike,Hardy,shannondennis@example.com,2024-03-20
368,Keith,Graham,xatkinson@example.com,2025-01-19
369,Jessica,Fisher,jasoncampbell@example.org,2024-03-02
370,Rose,Flores,harrisoncharles@example.org,2024-01-10
371,Jessica,Jones,juliaglass@example.org,2024-04-16
372,Dana,Hughes,thomas88@example.com,2024-12-01
373,Cindy,Nelson,shawn17@example.net,2024-02-22
374,Melissa,Simmons,todd77@example.org,2025-03-03
375,Marie,Choi,amyspencer@example.net,2024-09-22
376,Brett,Mason,hallbenjamin@example.net,2023-11-22
377,Monica,Glass,edgar45@example.com,2024-07-16
378,Jeffrey,Barber,randallbrian@example.org,2025-02-18
379,Taylor,Edwards,dennismorris@example.org,2025-03-09
380,Stephen,Archer,timothy78@example.net,2025-03-05
381,Jeremy,Garcia,jfoley@example.com,2024-03-24
382,Caroline,Duke,michaela22@example.com,2025-05-02
383,Bianca,Dominguez,jill27@example.net,2023-07-14
384,Mary,Cox,cunninghamjohn@example.net,2024-06-06
385,Melissa,Graham,rebecca09@example.com,2024-01-03
386,William,Anderson,eparker@example.org,2024-02-05
387,Tammy,Soto,caitlin80@example.net,2025-01-07
388,Timothy,Gordon,corey89@example.com,2025-01-23
389,John,Parker,adamsdennis@example.com,2024-04-23
390,Scott,Pugh,sandra94@example.net,2024-03-04
391,Micheal,Cohen,rhanson@example.org,2024-04-12
392,Mary,Ortiz,rogergraham@example.com,2023-06-11
393,Stephanie,Smith,tara44@example.com,2024-02-05
394,Aaron,Navarro,cking@example.com,2024-01-19
395,Heather,Soto,dbrock@example.net,2023-08-15
396,Robert,King,voconnell@example.com,2024-02-02
397,Sarah,Mendez,hansonjoshua@example.com,2025-04-23
398,Bruce,Greer,danielcarey@example.com,2025-04-09
399,Nicole,Patterson,jennifer71@example.com,2024-05-20
400,Julie,Pittman,ewood@example.net,2024-02-10
401,Amanda,Houston,jennifer91@example.com,2023-09-07
402,Karen,Anderson,jacob29@example.com,2023-12-17
403,Russell,Horn,julia41@example.net,2025-01-31
404,Shannon,Mcclure,bgomez@example.com,2024-08-24
405,Mitchell,Jones,matthew83@example.net,2025-05-04
406,Brenda,Brown,michaelpaul@example.org,2025-01-29
407,Crystal,Moore,angelawilliams@example.net,2024-09-21
408,Sonya,Cunningham,allison12@example.org,2024-07-27
409,Virginia,Acevedo,john10@example.com,2023-09-23
410,Jamie,Williams,ronald37@example.com,2023-12-30
411,William,Smith,jodiherman@example.net,2024-02-23
412,Elizabeth,Herring,phyllisfranklin@example.com,2024-01-16
413,Tyler,Morgan,popestephanie@example.com,2024-11-02
414,Mark,Richardson,teresahernandez@example.net,2024-10-13
415,Alyssa,Miles,cody60@example.net,2024-01-27
416,Anthony,Andrews,cuevasstacey@example.org,2024-06-21
417,Jennifer,Bell,bdominguez@example.net,2024-10-08
418,April,Wood,ralph15@example.net,2023-09-17
419,Jason,Torres,scottjason@example.org,2023-07-07
420,Thomas,Garcia,williammccarthy@example.org,2024-01-19
421,Scott,Clark,sara62@example.net,2024-09-13
422,Regina,Roberts,rachelross@example.org,2024-11-19
423,Edward,Silva,emilysloan@example.org,2023-08-31
424,Aaron,Rivera,sullivanbradley@example.net,2024-11-14
425,Kelly,Hernandez,ptrujillo@example.org,2023-06-20
426,Nicole,Martin,slopez@example.org,2024-01-08
427,Jeremy,Tran,perry18@example.com,2023-11-01
428,Eric,Chavez,matthew64@example.net,2024-10-21
429,Charles,Ortega,benjamin30@example.com,2023-12-03
430,David,Bennett,peter55@example.org,2024-12-19
431,Billy,Mcdonald,samantha45@example.net,2024-06-09
432,Daniel,Mcfarland,susan00@example.com,2025-01-02
433,Michele,Bradford,kevinsnyder@example.org,2025-04-01
434,Bradley,Hall,esparzaloretta@example.org,2024-01-21
435,Keith,Bentley,anthony56@example.com,2025-01-11
436,Linda,Jordan,ronaldrodriguez@example.com,2024-01-10
437,Cheryl,Anderson,huangcaleb@example.org,2024-07-28
438,Mary,Johnson,rmiller@example.org,2024-12-21
439,Cindy,Reynolds,kimberlyrivas@example.com,2024-09-13
440,Jonathan,Allen,markrodriguez@example.com,2025-04-17
441,Andrew,Kim,wsharp@example.org,2024-04-22
442,April,Stark,laurakelley@example.org,2024-08-03
443,Brandy,Walls,mary50@example.com,2023-12-02
444,Jeanette,Bennett,taylorjoshua@example.net,2024-10-19
445,Daniel,Williams,derekkennedy@example.net,2024-12-12
446,Heather,Thomas,saraharper@example.org,2024-11-04
447,Ronald,Carlson,jennifercampbell@example.net,2024-04-05
448,Michael,Summers,william08@example.org,2024-09-08
449,Jacob,Nichols,melissa02@example.org,2024-09-01
450,Jeremy,Herrera,zalexander@example.net,2023-12-06
451,Caroline,Thompson,jeanbailey@example.net,2024-06-23
452,Jeremiah,Mcclure,tcox@example.com,2024-10-11
453,Kevin,Cox,coxelizabeth@example.net,2023-08-24
454,Daniel,Buchanan,owilson@example.net,2023-06-09
455,Sarah,Lee,freemanbrian@example.com,2024-01-15
456,Bryan,Wilson,patricia36@example.com,2024-12-15
457,Elizabeth,Arroyo,haroldgraham@example.net,2024-11-16
458,Heidi,Tate,jennifer78@example.org,2024-12-06
459,Alexander,Bentley,joshuaphillips@example.net,2023-08-02
460,Keith,Schmidt,wilkinsonamanda@example.net,2024-11-10
461,Dalton,Baker,cindywright@example.com,2024-06-30
462,Colleen,Rodgers,smithregina@example.org,2024-12-29
463,Amanda,Brown,dawnward@example.com,2024-04-21
464,Karen,Proctor,iyoung@example.com,2024-05-09
465,Jonathan,Deleon,lawrencetodd@example.org,2023-09-16
466,Barbara,Ruiz,hannah84@example.org,2024-11-10
467,Thomas,Hardy,lynn56@example.net,2024-10-07
468,Joseph,Gould,jonpatrick@example.org,2024-11-12
469,Alexander,Rose,perezleslie@example.com,2023-11-28
470,Zachary,Vazquez,emilysnow@example.net,2023-06-22
471,Cynthia,Benton,jasmine77@example.org,2024-03-20
472,Raymond,Petersen,cannongregory@example.net,2024-04-16
473,Elaine,Scott,daniel07@example.com,2025-04-01
474,Harry,Grant,olopez@example.org,2024-09-05
475,Craig,Miller,stacey69@example.net,2025-01-08
476,Erik,Taylor,marshkatie@example.com,2023-05-18
477,Robert,Schroeder,clarkjulia@example.com,2024-02-03
478,Jacqueline,King,cherylsmith@example.net,2024-08-04
479,Calvin,Peterson,websterscott@example.org,2023-12-17
480,Timothy,Hoover,jacobrobinson@example.org,2024-08-12
481,Lori,Nelson,katherine85@example.net,2024-12-04
482,Jennifer,Roberts,jonathanromero@example.com,2024-02-25
483,Laura,Clark,marshsara@example.org,2023-10-27
484,Maria,Berry,daydarren@example.net,2024-05-15
485,Brian,Brown,rachel16@example.net,2024-02-21
486,Janice,Weaver,ghoward@example.org,2023-11-04
487,Dana,Lambert,rfranklin@example.org,2025-02-06
488,Joseph,Russo,shieldscatherine@example.net,2024-06-07
489,Dennis,Atkins,tmorgan@example.net,2023-09-01
490,Courtney,Weaver,sanchezshelly@example.org,2024-03-09
491,Meagan,Edwards,boydkimberly@example.net,2024-05-23
492,Evan,Wolf,bcarter@example.org,2023-06-19
493,Joshua,Brooks,meghan22@example.org,2024-01-18
494,Emma,Evans,yharris@example.net,2023-06-19
495,Melissa,Hebert,andrew53@example.org,2023-11-24
496,Michael,Chavez,gbrown@example.net,2024-12-21
497,Nathan,Rivera,joneslauren@example.net,2023-12-23
498,Johnny,Odonnell,gutierrezcatherine@example.net,2025-01-06
499,Norma,Rodriguez,ralphfitzpatrick@example.net,2023-08-23
500,Rachel,Nelson,martinezmaria@example.org,2024-11-27
